"GameID","Team1WinPercentage"
1,0.637375916113851
2,0.413584521671238
3,0.813960148016988
4,0.492024503657526
5,0.30228570561964
6,0.590845301880216
7,0.47157506704334
8,0.259818273786067
9,0.448918763866657
10,0.77190791674547
11,0.472235331085294
12,0.245216235149833
13,0.437428664252396
14,0.650884076862124
15,0.318637377494624
16,0.440505491956724
17,0.458329452628539
18,0.51625703208671
19,0.910451426413223
20,0.405433102973886
21,0
22,0.139741842599295
23,0.302733647603006
24,0.544097536297257
25,0.180252300877622
26,0.467151653925654
27,0.319706915924055
28,0.302099988521534
29,0.384426090237822
30,0.240565096971
31,0.388323421355644
32,0.329748287542905
33,0.568808233506613
34,0.417022469219607
35,0.392111526092019
36,0.29368928202307
37,0.595843493083888
38,0.614651349188812
39,0.192213979741394
40,0.354284896217127
41,0.72889483848522
42,0.586476399443934
43,0.449467815784224
44,0.397646378628316
45,0.491025632521697
46,0.347541785417026
47,0.695170396941323
48,0.494404197753746
49,0.476410352858164
50,0.274592394611501
51,0.743065487096568
52,0.554363215515776
53,0.389301147228767
54,0.244980990587912
55,0.567334950671629
56,0.535016460886206
57,0.478130200702518
58,0.243277323893332
59,0.149769976309437
60,0.161049954081723
61,0.17422657032393
62,0
63,0.310650697587853
64,0.0868387357514261
65,0.467444657910489
66,0.296046735828349
67,0.10215443891918
68,0.350295146530784
69,0.206866201991524
70,0.0746111977222511
71,0.200024408946148
72,0.404242737519438
73,0.146946100036149
74,0.100879238924261
75,0.148930157633495
76,0.271606546920306
77,0.149200549625675
78,0.274197773906065
79,0.219104759679926
80,0.170011493160303
81,0.583721193461814
82,0.13268675000813
83,0
84,0.0574727172145859
85,0.0591200975305832
86,0.234843894065904
87,0.0557073098005982
88,0.194323368687683
89,0.0776160077856338
90,0.0776255542523314
91,0.165563469611784
92,0.0650545578924511
93,0.117969243081468
94,0.117727297494448
95,0.161067167967975
96,0.12175131234371
97,0.145037260588226
98,0.0879732327834836
99,0.242348787429072
100,0.285917648748508
101,0.0178620764597465
102,0.155791375467303
103,0.404356430491229
104,0.285152028718304
105,0.104759536150971
106,0.102376952041028
107,0.319960463846535
108,0.0877458951080687
109,0.206623018177066
110,0.178057633670479
111,0.26745669126586
112,0.0986239467509031
113,0.338232374230477
114,0.15117915262949
115,0.0857379498689785
116,0.0562293408465426
117,0.214664987633704
118,0.200515032135391
119,0.138766328769321
120,0.0660656024295664
121,0.0464265531329417
122,0.0467536135803892
123,0.0446531788351486
124,0
125,0.0873111235916629
126,0.540954772424518
127,0.451121819193387
128,0.245899873811368
129,0.353452445714734
130,0.334950699836419
131,0.405701602460485
132,0.313118831735074
133,0.405607337462873
134,0.419298227979483
135,0.140362280109704
136,0.559637607603625
137,0.428079781773246
138,0.307382062863156
139,0.431280881388527
140,0.239525055708566
141,0.483443009620674
142,0.652101324605564
143,0.385197454318284
144,0
145,0.131404350974881
146,0.376865887650971
147,0.486986508377017
148,0.360412796520699
149,0.399091152268645
150,0.318328580123543
151,0.384086319989426
152,0.271565660714174
153,0.350364287698646
154,0.414191749004215
155,0.265656323389435
156,0.373891812799483
157,0.392253401194677
158,0.257516218204681
159,0.469040123759972
160,0.522822049202956
161,0.231750812129761
162,0.323644979142061
163,0.409248708542515
164,0.759947988246493
165,0.489472782828264
166,0.288160975723098
167,0.164391253117752
168,0.49897582955611
169,0.352746988603976
170,0.550880653245374
171,0.339485867667974
172,0.434528596267886
173,0.180622310337475
174,0.478325985345616
175,0.489139055511859
176,0.385082431803943
177,0.347163362023673
178,0.333803878568795
179,0.496702397720621
180,0.478991395445546
181,0.379633331222525
182,0.444769989683704
183,0.284899348409074
184,0.331340391580557
185,0
186,0.390431310707137
187,0.222875178414772
188,0.0835014789303705
189,0.206561448143075
190,0.126739169127347
191,0.0702591213283862
192,0.142958319751038
193,0.327475999961481
194,0.12391360247744
195,0.0607317354048723
196,0.110449013627563
197,0.223149017319874
198,0.0970793000660973
199,0.195567469945204
200,0.133734328151185
201,0.144590342577128
202,0.484953524986875
203,0.102974845542068
204,0
205,0.032859774819642
206,0.050131728746773
207,0.168881380183593
208,0.0373567581539804
209,0.153071054966984
210,0.0638111807748712
211,0.0633721052127803
212,0.086433282459868
213,0.0672942237126474
214,0.106175978941006
215,0.0804424575931508
216,0.140987164366602
217,0.0926460930475539
218,0.136627476596271
219,0.0832732300620716
220,0.177788577135175
221,0.148844372440976
222,0.0216599753128065
223,0.140057737816029
224,0.296003973752426
225,0.22726120934274
226,0.084050047876874
227,0.131400118159298
228,0.263152484913126
229,0.078395982509509
230,0.204474651832683
231,0.154242348102225
232,0.192971846767308
233,0.090510590676299
234,0.258574276969868
235,0.116973413006202
236,0.08641334681249
237,0.0593069913321312
238,0.186798949704175
239,0.162721228296852
240,0.127370490946514
241,0.0530284075464415
242,0.0510442130020419
243,0.0467132490370524
244,0.0430193595210717
245,0
246,0.0819451633944204
247,0.182813168558726
248,0.38976771190224
249,0.237142655796646
250,0.140679813574122
251,0.229149815830099
252,0.583014451114869
253,0.275838288524099
254,0.0704513987830937
255,0.209557241080918
256,0.438221582515321
257,0.122658854115949
258,0.256964758132848
259,0.338297974490424
260,0.276378686107527
261,0.748291002034948
262,0.190361765005258
263,0
264,0.050326504316094
265,0.160382592589557
266,0.302186753025266
267,0.0698582398075719
268,0.265564449641951
269,0.167890646253435
270,0.137645442649427
271,0.198649899108589
272,0.181345921239911
273,0.260200504164937
274,0.148632482485108
275,0.352232243080455
276,0.214942912741888
277,0.29323983272576
278,0.174602771411126
279,0.357209103983849
280,0.341810763428549
281,0.104476178151364
282,0.265592837480001
283,0.426098069620526
284,0.409470996517314
285,0.216900388729773
286,0.310814658658134
287,0.298664129332545
288,0.205220874192648
289,0.447915672071536
290,0.35931169932161
291,0.23303899155263
292,0.145164952775089
293,0.456515991614101
294,0.303170504999224
295,0.219585917531943
296,0.14756063926071
297,0.370528159501393
298,0.301350511738379
299,0.278701300231029
300,0.137708677105546
301,0.117776307104832
302,0.104163779473811
303,0.137454813181199
304,0
305,0.155093348830117
306,0.529999325242378
307,0.418904426872572
308,0.358275327530253
309,0.379043685645515
310,0.625425620143715
311,0.474888224567928
312,0.150840956607573
313,0.499578950429937
314,0.546113897422672
315,0.291903603201109
316,0.464020629207682
317,0.457857359469595
318,0.488044646504473
319,0.782472205269217
320,0.391178326419522
321,0
322,0.146224620830563
323,0.393579956189805
324,0.522559270354675
325,0.281375931435625
326,0.439736077675454
327,0.360193624288935
328,0.357376110617554
329,0.388496853868712
330,0.378949976337792
331,0.473517316980926
332,0.293649771538789
333,0.497813634686037
334,0.427321530029634
335,0.395044305131508
336,0.423180257344858
337,0.576873080054776
338,0.435578471411746
339,0.309141231591229
340,0.470710436288339
341,0.708530236251551
342,0.586734543152685
343,0.355446293806713
344,0.318600854509221
345,0.48287710587748
346,0.395974436526465
347,0.59281777572145
348,0.484404989048593
349,0.421419738692321
350,0.22793213146311
351,0.58206682667617
352,0.533457423818147
353,0.412322753612424
354,0.334413156460563
355,0.466359859069956
356,0.509013379040378
357,0.491282089045765
358,0.381133089933307
359,0.36172440464856
360,0.281413014096021
361,0.360925646775887
362,0
363,0.342656048659747
364,0.261259870827067
365,0.110008887049218
366,0.178822977594911
367,0.501030459416629
368,0.269000783810286
369,0.0573772005233789
370,0.143399409438857
371,0.319118123297724
372,0.100535984947918
373,0.217551602688427
374,0.37229157760602
375,0.223367940666515
376,0.710947281747639
377,0.156422484999847
378,0
379,0.0513114208701191
380,0.12086403752885
381,0.235459473120012
382,0.0542041145146323
383,0.212940320568488
384,0.128515724462255
385,0.0939385697930437
386,0.200111913109841
387,0.129961004228103
388,0.159311458461155
389,0.118774391196996
390,0.298893945455125
391,0.140042102543486
392,0.241457352083767
393,0.139229829092395
394,0.28282731814896
395,0.361771747968017
396,0.0684050962370746
397,0.254719831192093
398,0.379662274836456
399,0.342929271795263
400,0.138068207457017
401,0.216473910586797
402,0.245370160932104
403,0.138939839301795
404,0.325044729603167
405,0.266143747552763
406,0.208339982298806
407,0.108733036477232
408,0.34978440216789
409,0.209999094108484
410,0.150663669375013
411,0.0870912402376554
412,0.262259399827178
413,0.170366681364264
414,0.203676857079534
415,0.115013357006379
416,0.0719540476561034
417,0.0704346894510145
418,0.128246068055001
419,0
420,0.0862153763456903
421,0.219840717152077
422,0.374089751262136
423,0.682153351854528
424,0.341261396532944
425,0.168708999919906
426,0.342792290083555
427,0.520129026619512
428,0.256248725651284
429,0.442042554007622
430,0.415803074184463
431,0.371089261584443
432,0.745718260028694
433,0.302871751403708
434,0
435,0.118214557032057
436,0.229718332778859
437,0.43728992274855
438,0.153178600660856
439,0.364940722181123
440,0.248664995583295
441,0.243792968092605
442,0.308520360888744
443,0.245902352479648
444,0.396914149950916
445,0.229828373224734
446,0.431116644936275
447,0.344303762664763
448,0.396842945954154
449,0.250701675333081
450,0.484546479837624
451,0.42312552100359
452,0.133908038073963
453,0.368011650309333
454,0.545176981887561
455,0.54389349310991
456,0.299046517545919
457,0.406109377545389
458,0.441809998618681
459,0.290957915372953
460,0.47845785295138
461,0.462269094922233
462,0.358087336307757
463,0.245616672033931
464,0.573707725820351
465,0.406863742656543
466,0.307080790198765
467,0.225991392181117
468,0.485463669583281
469,0.451372885409659
470,0.36812337314193
471,0.226830808111091
472,0.187482693212714
473,0.194254166580055
474,0.183875005840419
475,0
476,0.249610298149095
477,0.318188546877362
478,0.612566821437874
479,0.418050953622617
480,0.127107009698618
481,0.426491062018593
482,0.496349106798872
483,0.222789713487595
484,0.350562534377575
485,0.288515570237526
486,0.453217112657307
487,0.722928841236816
488,0.355489584659907
489,0
490,0.100155032118602
491,0.374152791457848
492,0.429976221903347
493,0.216548084445869
494,0.352849932495485
495,0.332460725940493
496,0.347500080210126
497,0.230990873577119
498,0.348504702397193
499,0.472473142022123
500,0.214726774626786
501,0.510609846688533
502,0.404984512976662
503,0.387434636348054
504,0.366508269816858
505,0.504155508658398
506,0.272726307966194
507,0.395186131152828
508,0.38847125455339
509,0.575117806693529
510,0.516918684929727
511,0.359355113831624
512,0.456702092896423
513,0.360661137007272
514,0.381773670856061
515,0.611818147484268
516,0.458132341256879
517,0.293829990942936
518,0.238320466492735
519,0.555965639861287
520,0.50848737856171
521,0.455717457323045
522,0.355031892043274
523,0.468320990775172
524,0.481302344987132
525,0.478567440490145
526,0.327183729489929
527,0.313037972151176
528,0.284953881691918
529,0.295035443946187
530,0
531,0.336699690969801
532,0.611192527615844
533,0.42317729156276
534,0.153879765999439
535,0.37427472428136
536,0.495410741923142
537,0.243769393343295
538,0.365357881448938
539,0.34967576361854
540,0.44178295892265
541,0.820229965693708
542,0.338072689700301
543,0
544,0.108681539866463
545,0.271343093358483
546,0.43498589371543
547,0.170482406017809
548,0.37361479391553
549,0.263659023780919
550,0.257891563600512
551,0.280749666328771
552,0.235111350318223
553,0.317603579095078
554,0.243214967429648
555,0.461581846631825
556,0.321153305753516
557,0.316756747905516
558,0.297545390380798
559,0.49026364129437
560,0.4175865706295
561,0.198793412811404
562,0.348039997418112
563,0.662006949007026
564,0.492077579706608
565,0.311011485015981
566,0.295000810530408
567,0.421380082700779
568,0.28579360593039
569,0.58329054216127
570,0.381350320952732
571,0.387594803994711
572,0.207313242248063
573,0.578904830278318
574,0.439743582274762
575,0.332680667709754
576,0.221112010949625
577,0.416681785823247
578,0.402928556765685
579,0.412325072741506
580,0.239176922091093
581,0.176987095080087
582,0.160350043485728
583,0.201743171911838
584,0
585,0.253410761366032
586,0.246952907657756
587,0.0933341280157499
588,0.316827991092538
589,0.315827157256144
590,0.202134393150315
591,0.341733057631193
592,0.248493238668445
593,0.278746666650594
594,0.602529588417957
595,0.208163387608528
596,0
597,0.0807710493669123
598,0.146727025656536
599,0.343487108232507
600,0.153649601207921
601,0.283110240500638
602,0.146795283226858
603,0.158937292335539
604,0.236000302885187
605,0.153593392989089
606,0.196953406067325
607,0.179274482109822
608,0.201520764407603
609,0.196702929864012
610,0.156164119998937
611,0.227862135122995
612,0.353158270643772
613,0.26751907649049
614,0.0637922554519273
615,0.260163937203099
616,0.633456680776734
617,0.356345305043355
618,0.143546646695472
619,0.0711541095008264
620,0.421276722324048
621,0.162609728584671
622,0.314518605080293
623,0.2132541796084
624,0.364666003911555
625,0.099213122278378
626,0.349516241913528
627,0.260536505024791
628,0.151760704897976
629,0.125677246049645
630,0.215018780949854
631,0.296198039121561
632,0.247495218219808
633,0.164600626952881
634,0.173274886183139
635,0.101769053987318
636,0.138151725054785
637,0
638,0.174538770909532
639,0.149391714521824
640,0.438483986782042
641,0.487494408538675
642,0.273954775191408
643,0.450471075622156
644,0.311679722471295
645,0.390245787021104
646,0.642901131308886
647,0.316235415709574
648,0
649,0.116315267386836
650,0.27997588714648
651,0.457181469476694
652,0.227553639682672
653,0.372367333155177
654,0.276924319759102
655,0.306647503818933
656,0.275310813025729
657,0.30811040981399
658,0.457653538280631
659,0.231343932283342
660,0.382300502283925
661,0.381538867670157
662,0.350172331167776
663,0.331748264024748
664,0.490634417906073
665,0.283799699478595
666,0.194814788497941
667,0.381576206724902
668,0.597067572608307
669,0.526753508210707
670,0.294719622977573
671,0.322694298142109
672,0.466236353878215
673,0.330729666223419
674,0.48189122726686
675,0.434818921743448
676,0.365698946893997
677,0.222203191025624
678,0.521622563532796
679,0.439085533903628
680,0.342951977442238
681,0.300541921842311
682,0.441659896852656
683,0.514423525401101
684,0.406050125651901
685,0.285455206546209
686,0.325930172886669
687,0.26414088667828
688,0.236414605653274
689,0
690,0.330920202866906
691,0.522270082603865
692,0.607861418203635
693,0.400468614579812
694,0.468070013222965
695,0.368361432816504
696,0.591511999053372
697,0.897803923573749
698,0.499002188050061
699,0
700,0.192239835291684
701,0.374383913306362
702,0.568131608247989
703,0.277100086420556
704,0.476519697074693
705,0.365002386278706
706,0.397414059879094
707,0.365378154907692
708,0.253479891291924
709,0.396602144705958
710,0.356469017422872
711,0.602311917141995
712,0.464984645544767
713,0.370411155452697
714,0.362335240913506
715,0.625791761409672
716,0.552220568836011
717,0.290603808353595
718,0.374720280637427
719,0.789312093475473
720,0.583853023857393
721,0.474111597993
722,0.37797666290956
723,0.509468217929539
724,0.374993736720885
725,0.721774871665594
726,0.45041473105239
727,0.518830516069352
728,0.311863981713587
729,0.749101356428465
730,0.596604553281686
731,0.462887504861941
732,0.293159926813835
733,0.53886125435295
734,0.54662720830215
735,0.538266004506413
736,0.311954413203609
737,0.177428778268327
738,0.20336541802801
739,0.201334125946949
740,0
741,0.366704600417495
742,0.45267782098658
743,0.202909081918854
744,0.327565061333131
745,0.293963925927368
746,0.439200531782241
747,0.7416867884694
748,0.361233351005699
749,0
750,0.100303080650855
751,0.327388084739858
752,0.365560142814537
753,0.161412567488031
754,0.303477721435947
755,0.286160477174557
756,0.301663945266246
757,0.196034503291232
758,0.284040876642217
759,0.396868337450317
760,0.189108112533825
761,0.549697492707663
762,0.360633164807935
763,0.416955348245784
764,0.293902286426146
765,0.475715562657242
766,0.296395811069915
767,0.359688493647008
768,0.375511606646591
769,0.496946423300605
770,0.504490527913552
771,0.333287656147379
772,0.553638533072344
773,0.316744613365995
774,0.329216239367548
775,0.586254000185684
776,0.437184797672499
777,0.253811559924382
778,0.277383231664248
779,0.546725995798955
780,0.44884444540839
781,0.441891046220909
782,0.296076258493325
783,0.458889869417534
784,0.37735409940549
785,0.449366263613126
786,0.283186699055024
787,0.194580024223692
788,0.233927996593524
789,0.24442869721418
790,0
791,0.259800947408323
792,0.144708158704852
793,0.277594687398038
794,0.214698368353043
795,0.266225816976665
796,0.631259817503428
797,0.18726281015915
798,0
799,0.0526799773046374
800,0.12505962680911
801,0.274757196643388
802,0.0863737690521808
803,0.249918020958032
804,0.128947139358391
805,0.129705286479114
806,0.148793493255397
807,0.15315399267513
808,0.189816003318995
809,0.141668773078895
810,0.240631979944574
811,0.169557436036796
812,0.203884556381897
813,0.191534178375436
814,0.306095190705739
815,0.215460670559208
816,0.0716073646002251
817,0.254606596326729
818,0.497291063460482
819,0.344035237335506
820,0.146843798769757
821,0.164149741064449
822,0.372572243643017
823,0.157135143510929
824,0.363152044164241
825,0.239805842227251
826,0.286747285704754
827,0.127540018269431
828,0.349677246894645
829,0.226988984910329
830,0.17221105409485
831,0.129210325841503
832,0.254447192298511
833,0.256327104916932
834,0.248720561940168
835,0.126480947109099
836,0.136341859430795
837,0.094975652106117
838,0.119564911320954
839,0
840,0.157741146908784
841,0.437008580275383
842,0.432253077365582
843,0.582631382058444
844,0.898470501571799
845,0.48322636320531
846,0
847,0.16282660903649
848,0.408370102505533
849,0.53574712681625
850,0.229180851800545
851,0.459598727144077
852,0.387611465993297
853,0.387393131296541
854,0.347105373298882
855,0.313034614429121
856,0.449704445864936
857,0.323914400463413
858,0.662145782674975
859,0.469719522123678
860,0.466364717007286
861,0.36894324371229
862,0.620897073375367
863,0.546661239011517
864,0.374992005510665
865,0.427187930992278
866,0.714730143074602
867,0.612308649269383
868,0.488023065071534
869,0.547288076832083
870,0.45818167222526
871,0.413852187116941
872,0.740200698137757
873,0.527348333786709
874,0.437700159823749
875,0.342419890427442
876,0.737596088878592
877,0.60065476014802
878,0.513756778788434
879,0.332537972591062
880,0.586593229689774
881,0.52345910355316
882,0.558165685701658
883,0.334159972815068
884,0.198454722155502
885,0.238105904321421
886,0.260112605262896
887,0
888,0.351364937058807
889,0.453919408932426
890,0.506021605015957
891,0.899394738740793
892,0.36706476840868
893,0
894,0.111649919237021
895,0.35821547862464
896,0.485151175596401
897,0.164280672955347
898,0.430345479603169
899,0.358405331006083
900,0.291706764189258
901,0.34147553716325
902,0.293139780150021
903,0.37927562287537
904,0.268986561694565
905,0.601985108759888
906,0.364245017143527
907,0.400138022171576
908,0.34444264737017
909,0.533956211762373
910,0.532687609910725
911,0.323488141476265
912,0.390105278152471
913,0.674032998038448
914,0.537273232482522
915,0.413809993021827
916,0.444472834775334
917,0.380733957794431
918,0.362777767748624
919,0.712497697440741
920,0.47887146606857
921,0.388181584553025
922,0.22738813155785
923,0.678031739196609
924,0.54224211258008
925,0.427284239600993
926,0.261858818684418
927,0.523630609664027
928,0.446368707687314
929,0.480390272383254
930,0.277298742131316
931,0.183479767261782
932,0.18595588692414
933,0.267658395896424
934,0
935,0.274301188609441
936,0.139931366743479
937,0.471787257401065
938,0.0997724543679885
939,0
940,0.0427428263686921
941,0.0985051165788398
942,0.213621286277692
943,0.0612603265315561
944,0.172233637356185
945,0.107513720445563
946,0.080232582351298
947,0.207105711813221
948,0.125079795211178
949,0.172877446965298
950,0.0908703395899059
951,0.168539809464964
952,0.123557430555347
953,0.169809349642148
954,0.123504039751904
955,0.226980670809614
956,0.252120650560516
957,0.0439531870730777
958,0.210687182253571
959,0.308245187813218
960,0.286947895769543
961,0.0922911172256819
962,0.105226950257053
963,0.205428280940169
964,0.118778425334772
965,0.181722690018779
966,0.223058177366414
967,0.162077683726826
968,0.0604333473309597
969,0.235222164599528
970,0.170299075570754
971,0.0982534347112601
972,0.0763114717515197
973,0.191548306057411
974,0.177101838148501
975,0.140152213423653
976,0.109581346197843
977,0.104093993748387
978,0.0756410196846154
979,0.124833866897603
980,0
981,0.0775612497927846
982,0.613352103760805
983,0.253043957560427
984,0
985,0.0732413108456503
986,0.199518230143653
987,0.334815991853791
988,0.141761479257277
989,0.272932111417788
990,0.193059710321355
991,0.221632631870581
992,0.159512426551738
993,0.200839460512291
994,0.309709034431171
995,0.162229079833237
996,0.325672390969082
997,0.273400609703216
998,0.254909188900017
999,0.23611290252502
1000,0.380338193540144
1001,0.199054167865957
1002,0.155551408125486
1003,0.267492675691852
1004,0.506340213898065
1005,0.400395112664561
1006,0.229773359138921
1007,0.272927176479508
1008,0.351973599424734
1009,0.233319892801069
1010,0.444380466621036
1011,0.310599849291699
1012,0.275051198679835
1013,0.175619002689878
1014,0.445794520652621
1015,0.338779991000081
1016,0.277281608749075
1017,0.212342338786875
1018,0.342586120830388
1019,0.378286116127244
1020,0.328919719218675
1021,0.18679211302927
1022,0.188873828201484
1023,0.164481263811976
1024,0.144691387582919
1025,0
1026,0.240374633446951
1027,0.0902575657278633
1028,0
1029,0.0313090909235885
1030,0.0360876212483296
1031,0.169374164800114
1032,0.0435029502943935
1033,0.148237359672994
1034,0.0471773349456269
1035,0.0596470249078183
1036,0.0756105552507054
1037,0.062258028466349
1038,0.107982430897647
1039,0.080390776912576
1040,0.0815187442648672
1041,0.0904389580240278
1042,0.106856286678633
1043,0.0783434213974761
1044,0.168180599385594
1045,0.0995369427685424
1046,0.0110111718821856
1047,0.1272305779737
1048,0.30908045908551
1049,0.218643456044409
1050,0.0636260698841296
1051,0.0749321592230826
1052,0.346117585175314
1053,0.0670463515176765
1054,0.139284777499572
1055,0.130841522104554
1056,0.218540257979625
1057,0.0828427429163421
1058,0.206193478010571
1059,0.0930253380536737
1060,0.0628049976720992
1061,0.0583465299360728
1062,0.154334556219597
1063,0.191344767304925
1064,0.108169072047278
1065,0.0465617910316383
1066,0.0697521765813751
1067,0.0473007365785799
1068,0.0327555866022806
1069,0
1070,0.0959271067620162
1071,0
1072,0.109967592936627
1073,0.293424949361722
1074,0.422576311018039
1075,0.209937760283325
1076,0.337586913298189
1077,0.280861254924117
1078,0.304698086221576
1079,0.234492153199197
1080,0.24895775506866
1081,0.379769144907958
1082,0.211478863576021
1083,0.429653015773851
1084,0.353383276058316
1085,0.297951761491462
1086,0.307388967432389
1087,0.464156857948916
1088,0.283281027599986
1089,0.252934267815246
1090,0.316862936207639
1091,0.60485369632733
1092,0.462514093244035
1093,0.312746903236227
1094,0.315845722005103
1095,0.368836912292454
1096,0.305540543115991
1097,0.54274851420637
1098,0.369927304479357
1099,0.33084598719534
1100,0.202171053139002
1101,0.547964135178859
1102,0.453645718254711
1103,0.363284612478324
1104,0.264904895884388
1105,0.409932305678844
1106,0.451301795255427
1107,0.40707444814539
1108,0.262353745659062
1109,0.225221359047543
1110,0.214156794451371
1111,0.201692024833597
1112,0
1113,0.293010240648487
1114,0
1115,0
1116,0
1117,0
1118,0
1119,0
1120,0
1121,0
1122,0
1123,0
1124,0
1125,0
1126,0
1127,0
1128,0
1129,0
1130,0
1131,0
1132,0
1133,0
1134,0
1135,0
1136,0
1137,0
1138,0
1139,0
1140,0
1141,0
1142,0
1143,0
1144,0
1145,0
1146,0
1147,0
1148,0
1149,0
1150,0
1151,0
1152,0
1153,0
1154,0
1155,0
1156,0.62410896948372
1157,0.706750113488554
1158,0.451153597756321
1159,0.607015395655969
1160,0.587622508795605
1161,0.590125804221421
1162,0.595432729116152
1163,0.504213750307026
1164,0.667235226367429
1165,0.478971301339887
1166,0.780607426836934
1167,0.669463466107043
1168,0.629915471819043
1169,0.54872326326723
1170,0.774819119978826
1171,0.718057610626498
1172,0.576485408023408
1173,0.61412961273734
1174,0.81812183354249
1175,0.767629039949943
1176,0.636416442609467
1177,0.654930285445804
1178,0.579672095912501
1179,0.602424183023445
1180,0.798582307466798
1181,0.698493600414085
1182,0.566194537766931
1183,0.462251953708035
1184,0.825017758132379
1185,0.762557826611601
1186,0.668101316180569
1187,0.508717397412275
1188,0.716454614725955
1189,0.690211697159442
1190,0.697305969896983
1191,0.572623610354682
1192,0.383278644411692
1193,0.440709915570402
1194,0.480602538979712
1195,0
1196,0.50231167933365
1197,0.356193698049874
1198,0.239395341352295
1199,0.266009130465071
1200,0.2725073950335
1201,0.315779088383512
1202,0.212944443919984
1203,0.311336215739669
1204,0.433916158199231
1205,0.163637312659353
1206,0.387108419569631
1207,0.354255493852326
1208,0.323044720481286
1209,0.324332333205899
1210,0.434092141927022
1211,0.189561030391518
1212,0.325492339249763
1213,0.370142831985596
1214,0.479409839232261
1215,0.460644055689826
1216,0.242242189980029
1217,0.329014452129287
1218,0.301891173759704
1219,0.313655455052836
1220,0.405836764398842
1221,0.372382647919953
1222,0.226550979354994
1223,0.18681587050597
1224,0.395971327788853
1225,0.405811269122772
1226,0.365731989003982
1227,0.304876654449588
1228,0.342638566757803
1229,0.386952859397003
1230,0.383250108735188
1231,0.335713973023753
1232,0.323520175225159
1233,0.292920625025294
1234,0.297343513616844
1235,0
1236,0.265577728699761
1237,0.115996277928762
1238,0.279048421560473
1239,0.20229329914533
1240,0.203412919627195
1241,0.193557686348699
1242,0.207013277423931
1243,0.289829910317578
1244,0.170730903493439
1245,0.412403561863902
1246,0.266650098446394
1247,0.320551698661107
1248,0.225903604943888
1249,0.407526891328706
1250,0.305778549643602
1251,0.17137348677659
1252,0.313950712953943
1253,0.490699635648106
1254,0.443053158768398
1255,0.243243465638478
1256,0.358353450378665
1257,0.333344163895955
1258,0.237889282658972
1259,0.479305361887575
1260,0.354976068788747
1261,0.265831741415198
1262,0.20014202368725
1263,0.475618051175064
1264,0.344354256941492
1265,0.293536753379369
1266,0.194561383268125
1267,0.373292151170834
1268,0.316432770921866
1269,0.344670988226936
1270,0.195714060587535
1271,0.144722898722816
1272,0.147583571285371
1273,0.170982717706984
1274,0
1275,0.195043680701423
1276,0.433005004548753
1277,0.505712095463806
1278,0.521546930037542
1279,0.361413269319949
1280,0.461375037442245
1281,0.61897565328135
1282,0.301354351159022
1283,0.751019913417415
1284,0.58120415605285
1285,0.59427139779926
1286,0.460050455088713
1287,0.661791689374263
1288,0.4711501274638
1289,0.666277397950103
1290,0.532418767999531
1291,0.629556156810759
1292,0.669660422855408
1293,0.540634181096001
1294,0.739054795526985
1295,0.371512863552703
1296,0.536260828067765
1297,0.738247280787838
1298,0.625946600789176
1299,0.331058842473672
1300,0.411372060950692
1301,0.715734425842448
1302,0.676306559414144
1303,0.661737437234329
1304,0.488327349339391
1305,0.634400956782771
1306,0.553227044903546
1307,0.63295599486851
1308,0.51040997170218
1309,0.328426169881813
1310,0.428914019017451
1311,0.444892245333354
1312,0
1313,0.405333361139858
1314,0.20817789430283
1315,0.204738418514672
1316,0.208085879557948
1317,0.232754424134465
1318,0.313530667552423
1319,0.198389859852007
1320,0.414618100802236
1321,0.28052486976149
1322,0.346032448012988
1323,0.248624475882717
1324,0.436783952690021
1325,0.333430041878054
1326,0.151538356525298
1327,0.3411540049053
1328,0.54303466037043
1329,0.480232826157064
1330,0.264657404119869
1331,0.368090509389358
1332,0.414369617980619
1333,0.257668097435592
1334,0.528478222817821
1335,0.393977134105731
1336,0.320922504847324
1337,0.218552377626097
1338,0.51396793246719
1339,0.361638230937323
1340,0.29930136496452
1341,0.2130700485045
1342,0.416045428073496
1343,0.36934096042027
1344,0.371928087838167
1345,0.192154849513188
1346,0.172898271131141
1347,0.151469727568339
1348,0.175549235405216
1349,0
1350,0.229547524064003
1351,0.373097993653801
1352,0.306196536904364
1353,0.377297281246801
1354,0.489951734204361
1355,0.254054897205162
1356,0.493774160384945
1357,0.438236611283843
1358,0.424089051889281
1359,0.394765296661001
1360,0.561464749476924
1361,0.33300219361581
1362,0.340423982732509
1363,0.474277737691262
1364,0.625060869168489
1365,0.584970397515687
1366,0.327855515352525
1367,0.400800206775633
1368,0.450956003967657
1369,0.385768025921392
1370,0.532779017776064
1371,0.476490425110863
1372,0.347892600038838
1373,0.272647433354769
1374,0.525658187247748
1375,0.494393717126164
1376,0.435706183682271
1377,0.361623941090164
1378,0.447630475234809
1379,0.472762517942636
1380,0.488057021932301
1381,0.394282135643628
1382,0.361300246458988
1383,0.318454700581035
1384,0.350696638449279
1385,0
1386,0.336285128281629
1387,0.20595354231968
1388,0.277416730886682
1389,0.3906143441215
1390,0.183931255639706
1391,0.466275378115365
1392,0.362736778740753
1393,0.315153682039294
1394,0.321071581212193
1395,0.462542194585099
1396,0.239856901112127
1397,0.374399478510268
1398,0.339651336995652
1399,0.548632764036519
1400,0.455874106263841
1401,0.299563984722075
1402,0.358465753715753
1403,0.29585393015637
1404,0.319170499801208
1405,0.527572314331611
1406,0.364870995506295
1407,0.252928928839326
1408,0.204410410254118
1409,0.487904617358906
1410,0.455524486445504
1411,0.408100005523307
1412,0.294565260656941
1413,0.373132103121291
1414,0.38869720272848
1415,0.426633799965457
1416,0.313972004888201
1417,0.242892704862951
1418,0.244451352479766
1419,0.258202479336774
1420,0
1421,0.272596110391579
1422,0.247468720144926
1423,0.35761634326839
1424,0.192466375088982
1425,0.455514540523248
1426,0.306018681417716
1427,0.407244642480333
1428,0.235485198973774
1429,0.457293332536487
1430,0.456020019354131
1431,0.167775312262267
1432,0.393579646264302
1433,0.468837804121196
1434,0.525230543398361
1435,0.253323613477202
1436,0.40539429602728
1437,0.333486150225833
1438,0.271407518536245
1439,0.417087743388244
1440,0.445494365131258
1441,0.271178416989677
1442,0.209792770667809
1443,0.494450454297341
1444,0.374351196052373
1445,0.293863565198238
1446,0.196693041850178
1447,0.423098810055683
1448,0.328968435459286
1449,0.338591390794553
1450,0.252659630277626
1451,0.161520538078529
1452,0.183790112288655
1453,0.239121567607833
1454,0
1455,0.175262289135145
1456,0.381628155271448
1457,0.157691848116797
1458,0.389963384999795
1459,0.289901435455425
1460,0.317472482379028
1461,0.32734551571717
1462,0.405055839944682
1463,0.217885420492134
1464,0.306556129393949
1465,0.373206693664082
1466,0.489584272684119
1467,0.439023888577033
1468,0.233929473078341
1469,0.309872588194803
1470,0.298596304356049
1471,0.302677308285602
1472,0.481784926163576
1473,0.380604263353249
1474,0.224729481247947
1475,0.149366131266639
1476,0.389374565070918
1477,0.388016689054242
1478,0.336179292516622
1479,0.274773003207168
1480,0.340784333281702
1481,0.349001980929974
1482,0.37826652863668
1483,0.282441514625191
1484,0.315109514105285
1485,0.227528964569943
1486,0.317620863260508
1487,0
1488,0.237193895477779
1489,0.173463691112569
1490,0.417224067715194
1491,0.290166154981717
1492,0.280774852798177
1493,0.343289251661594
1494,0.42520084323727
1495,0.255701730443439
1496,0.34055246682006
1497,0.369143302592756
1498,0.57043329976408
1499,0.42597230463261
1500,0.237253763371976
1501,0.246508656870504
1502,0.292258133279046
1503,0.289582767170075
1504,0.498960563858822
1505,0.330495449455644
1506,0.253339789698803
1507,0.145753136867574
1508,0.405105486847222
1509,0.405521317113617
1510,0.343774058857568
1511,0.25197968504751
1512,0.303149193005501
1513,0.311792612041776
1514,0.39290517106943
1515,0.307568903048111
1516,0.267802526860896
1517,0.206854596256471
1518,0.320917682405666
1519,0
1520,0.222935970038151
1521,0.602223682638862
1522,0.447532777554659
1523,0.506475318810164
1524,0.394900923220536
1525,0.601679867307397
1526,0.505337280001772
1527,0.28260920866054
1528,0.489840410994574
1529,0.699701464622789
1530,0.638200457905669
1531,0.435345839539493
1532,0.554134240964605
1533,0.554172143335566
1534,0.413111392736779
1535,0.690926088783482
1536,0.558104593982015
1537,0.484496694353509
1538,0.357609899834102
1539,0.699530493245333
1540,0.548416342898424
1541,0.473886589483686
1542,0.346076520450814
1543,0.597574529482231
1544,0.548403441184477
1545,0.536178586631054
1546,0.328450997955935
1547,0.272760500806358
1548,0.273958404984782
1549,0.288078065667255
1550,0
1551,0.371611343021724
1552,0.378559047397543
1553,0.281632744590559
1554,0.382393198853701
1555,0.50467672720814
1556,0.272195862111005
1557,0.184740488129232
1558,0.395008423978811
1559,0.697523846586429
1560,0.51162788831759
1561,0.260161740970989
1562,0.180629911110245
1563,0.519590591575603
1564,0.315904644455422
1565,0.442017732184483
1566,0.366230728438511
1567,0.432575516744474
1568,0.191158097787906
1569,0.478017684203679
1570,0.434026027497562
1571,0.31496364321552
1572,0.292672631499776
1573,0.361401157863075
1574,0.504587508054893
1575,0.40703786814744
1576,0.325151782753412
1577,0.379618121037624
1578,0.265752897053723
1579,0.262204853296479
1580,0
1581,0.345275322264709
1582,0.302882441913429
1583,0.332700880027084
1584,0.450154032274777
1585,0.276927518751481
1586,0.310795488578431
1587,0.356582665327475
1588,0.591876307385376
1589,0.452232418678991
1590,0.278112079805316
1591,0.304850429976575
1592,0.332162641533159
1593,0.300897441774349
1594,0.52060779498974
1595,0.35086665570574
1596,0.300842403823923
1597,0.188289532940657
1598,0.486658294783899
1599,0.433270376540298
1600,0.36934621117376
1601,0.261271332719282
1602,0.361382984954373
1603,0.372570570788315
1604,0.407676533873433
1605,0.298783652465066
1606,0.237678469095851
1607,0.222540001523431
1608,0.263658452252222
1609,0
1610,0.25600470663643
1611,0.474386620595883
1612,0.566373053446776
1613,0.434846599355484
1614,0.27192977256784
1615,0.469443923653811
1616,0.78317359940391
1617,0.561005091949305
1618,0.332882731682081
1619,0.195205802574868
1620,0.537068647700658
1621,0.386581924154789
1622,0.606887284687497
1623,0.442020143525764
1624,0.496663125741533
1625,0.176838120436806
1626,0.566949629943842
1627,0.532091912581319
1628,0.37032286260911
1629,0.318445265807259
1630,0.423587875644594
1631,0.52704532074091
1632,0.483875148710749
1633,0.37467281561826
1634,0.422191054641953
1635,0.260464267304881
1636,0.381348536487725
1637,0
1638,0.362067782832232
1639,0.485559286325657
1640,0.265658362087934
1641,0.350987747214799
1642,0.402434084111947
1643,0.500249081741187
1644,0.524579041878971
1645,0.323622347724479
1646,0.505955234786311
1647,0.351467943888048
1648,0.359512680188583
1649,0.570300764655853
1650,0.473917849869832
1651,0.253237588755443
1652,0.248319153233238
1653,0.510815107921326
1654,0.457493803099773
1655,0.429343657859641
1656,0.338146167199412
1657,0.461540790773792
1658,0.432768486589504
1659,0.454473519699044
1660,0.303144728801199
1661,0.294377406125405
1662,0.268290665261392
1663,0.29122873418
1664,0
1665,0.297473967173722
1666,0.217755287361098
1667,0.14976262644699
1668,0.252642148323689
1669,0.454910041346962
1670,0.353480834735508
1671,0.193456231015837
1672,0.240708347869362
1673,0.270608657975657
1674,0.201567150731381
1675,0.395372933834482
1676,0.275375843997149
1677,0.234087772617991
1678,0.134473749735258
1679,0.399184933682622
1680,0.30202880987634
1681,0.239568748376547
1682,0.163889405578545
1683,0.296689890268947
1684,0.291881828534522
1685,0.278261967862258
1686,0.17355919291081
1687,0.146501297197462
1688,0.138124385274795
1689,0.151492423556808
1690,0
1691,0.173502766830116
1692,0.0349107453020888
1693,0.243940108452149
1694,0.43097347538588
1695,0.372970894528883
1696,0.132162763445178
1697,0.152378795907871
1698,0.355788832939447
1699,0.137821791843805
1700,0.23316234027217
1701,0.263469148474149
1702,0.2887519554377
1703,0.12035480359729
1704,0.363496376336507
1705,0.206712715459156
1706,0.125352662686552
1707,0.0925296002278137
1708,0.273959785163441
1709,0.260801729411901
1710,0.18405098891421
1711,0.117859953010139
1712,0.0974208444033168
1713,0.0901604300399905
1714,0.0964973349200956
1715,0
1716,0.118565660160659
1717,0.282467843543547
1718,0.385683841707723
1719,0.335672679619055
1720,0.151420301548628
1721,0.170188184664307
1722,0.221408358446337
1723,0.254622200363156
1724,0.249969810717674
1725,0.241972040659538
1726,0.143058643279648
1727,0.116171692566098
1728,0.220861992965369
1729,0.317376427555765
1730,0.297854850213289
1731,0.301786540230288
1732,0.198384338226671
1733,0.334726565114495
1734,0.305202094035889
1735,0.327920409957499
1736,0.411332543760331
1737,0.3113521851842
1738,0.272143728811979
1739,0
1740,0.253841009115159
1741,0.515744097077293
1742,0.438287624804503
1743,0.251883537135648
1744,0.271882097760714
1745,0.303526815863633
1746,0.285043437751513
1747,0.490942930742517
1748,0.385929904926936
1749,0.250852963178503
1750,0.134690611307715
1751,0.449907235387913
1752,0.39941986758773
1753,0.295306251052615
1754,0.228567287882121
1755,0.367144744111021
1756,0.375831204938933
1757,0.350036905362939
1758,0.237635432179144
1759,0.246057929899798
1760,0.180943767788424
1761,0.252137857251914
1762,0
1763,0.221782302698201
1764,0.393060011136082
1765,0.229330465134605
1766,0.508441008952265
1767,0.282003345911118
1768,0.194110643241609
1769,0.4440791403645
1770,0.344839591676207
1771,0.199352067597964
1772,0.228489234878018
1773,0.474723161706752
1774,0.276260503264382
1775,0.266189246689676
1776,0.165734905361761
1777,0.406527475598083
1778,0.301218684600376
1779,0.286611307087869
1780,0.119329254253628
1781,0.0877658751932308
1782,0.119972814566703
1783,0.0899736027357393
1784,0
1785,0.17081177939
1786,0.173799055293236
1787,0.166489356101164
1788,0.257660471427055
1789,0.1849964871301
1790,0.38919710644724
1791,0.253048387712311
1792,0.23021734672733
1793,0.0991291032149859
1794,0.369675466297628
1795,0.287653107348404
1796,0.201982181384195
1797,0.139986361670317
1798,0.260319756562894
1799,0.265838406559281
1800,0.256127173705192
1801,0.158294940059238
1802,0.143083388217411
1803,0.110473318221427
1804,0.154857200354882
1805,0
1806,0.152212803768577
1807,0.324856519063766
1808,0.56970110066144
1809,0.359059157129766
1810,0.571032254116622
1811,0.428623652719675
1812,0.483590375156284
1813,0.288652767297409
1814,0.571498860356044
1815,0.480341186659513
1816,0.40820198240861
1817,0.335172555897584
1818,0.446662974569672
1819,0.507535828434364
1820,0.49299812175065
1821,0.350121149149905
1822,0.345399902989274
1823,0.284094129302213
1824,0.288197035262225
1825,0
1826,0.375744020253597
1827,0.935071763626989
1828,0.82520629370819
1829,0.916095359453537
1830,0.795400620252335
1831,0.926080595000035
1832,0.543926448357945
1833,0.890918649459003
1834,0.903520028503695
1835,0.795371082031865
1836,0.801623871865918
1837,0.778077385078982
1838,0.915704267314173
1839,0.888305104613617
1840,0.852800150329571
1841,0.912449561093511
1842,0.740008434037445
1843,0.83746964593246
1844,0
1845,0.866121640797141
1846,0.220296208371466
1847,0.629231385532324
1848,0.356917784831718
1849,0.288324545155013
1850,0.174191448120129
1851,0.566333720263581
1852,0.349084906477472
1853,0.274614311767019
1854,0.158773043571175
1855,0.42763980624573
1856,0.327016849786602
1857,0.339119044703198
1858,0.119392933810162
1859,0.0962738963347789
1860,0.0898941668096619
1861,0.117562233480878
1862,0
1863,0.186814278754638
1864,0.51587877344861
1865,0.396464598578722
1866,0.313359154509791
1867,0.202755979593227
1868,0.466543852994853
1869,0.433911986211268
1870,0.375612743370265
1871,0.301376237231839
1872,0.379855348102049
1873,0.407165931490645
1874,0.42942147796538
1875,0.322395274824971
1876,0.31894017113361
1877,0.255483839175162
1878,0.308793615056247
1879,0
1880,0.287784873466742
1881,0.232248837419637
1882,0.286374777400517
1883,0.154795319579804
1884,0.32526127928267
1885,0.226539252257693
1886,0.191635136790307
1887,0.174775402793703
1888,0.254525464904293
1889,0.32953355013808
1890,0.264304366631902
1891,0.136681424057123
1892,0.199084438566898
1893,0.133439886711102
1894,0.104985191724992
1895,0
1896,0.222805905458436
1897,0.347722910629092
1898,0.135324480102783
1899,0.419016360052465
1900,0.367940597404166
1901,0.264999278570242
1902,0.212374381459049
1903,0.309205313377067
1904,0.352225315146289
1905,0.35334513437903
1906,0.256093870526476
1907,0.27324806596992
1908,0.175150186822784
1909,0.268817822630041
1910,0
1911,0.228818584353825
1912,0.259870169619057
1913,0.612725113163356
1914,0.38262628388537
1915,0.317127771806905
1916,0.195438607294941
1917,0.492203021395267
1918,0.385774556241615
1919,0.383775848049903
1920,0.151853580724116
1921,0.109359825702009
1922,0.12079705226545
1923,0.124510097464649
1924,0
1925,0.224112622154792
1926,0.785298171560369
1927,0.715473900806701
1928,0.568249617873443
1929,0.465380418114782
1930,0.618566790090514
1931,0.710659723064147
1932,0.66800925142172
1933,0.478043708519221
1934,0.478226791064164
1935,0.355319605546888
1936,0.422313357741106
1937,0
1938,0.557510772943368
1939,0.205153499202801
1940,0.148602889384098
1941,0.107363181048916
1942,0.209980297809627
1943,0.238173436087971
1944,0.215116188621935
1945,0.110247037697016
1946,0.0983644371234774
1947,0.0798243818904295
1948,0.0786454179035286
1949,0
1950,0.143234170072761
1951,0.291894352824981
1952,0.224096187487938
1953,0.307725636792603
1954,0.325521361358359
1955,0.334426316738138
1956,0.240746250238431
1957,0.215447511394933
1958,0.198432079121849
1959,0.1996185761112
1960,0
1961,0.220018794599807
1962,0.279266451923698
1963,0.305008539316262
1964,0.407254716537025
1965,0.38504824058213
1966,0.289996637451982
1967,0.318081099475179
1968,0.234032612420462
1969,0.243510974005074
1970,0
1971,0.292328983504816
1972,0.370994848340381
1973,0.408260101352554
1974,0.453572078260307
1975,0.329706104692175
1976,0.33677822864019
1977,0.262816248138521
1978,0.324458474137873
1979,0
1980,0.305844098150644
1981,0.388374849378227
1982,0.384172935830689
1983,0.243033686538187
1984,0.250822640111755
1985,0.161331387070178
1986,0.221744440590894
1987,0
1988,0.263048173066574
1989,0.425383664758841
1990,0.241186193989038
1991,0.181539310432484
1992,0.169363159892319
1993,0.224768805743995
1994,0
1995,0.237537310726135
1996,0.203876012856511
1997,0.219963477692625
1998,0.175401800318388
1999,0.175934188768173
2000,0
2001,0.234676831476008
2002,0.273399881190756
2003,0.265967377218107
2004,0.309061741517266
2005,0
2006,0.234301202982076
2007,0.291578804526627
2008,0.424871933705566
2009,0
2010,0.271493012791692
2011,0.455077327391059
2012,0
2013,0.340104886142607
2014,0
2015,0.202265868381473
2016,0
